{
  "mean": [
    112.8439911556244,
    59.304874798059465,
    0.3095390465823584
  ],
  "scale": [
    29.453242698715783,
    13.833108500274626,
    0.17325469290599138
  ]
}