{
  "dense1_kernel": [
    [
      0.027356937527656555,
      1.2957260608673096,
      -0.03196214139461517,
      -0.45159444212913513,
      -0.25980669260025024,
      -0.5123113393783569,
      -0.6261946558952332,
      0.24839994311332703,
      -0.2587771415710449,
      -0.03530576452612877,
      -0.4907737076282501,
      -0.490324467420578,
      1.856147289276123,
      -0.610397219657898,
      -0.3712092339992523,
      -0.09792707115411758
    ],
    [
      0.46185776591300964,
      -0.0299607552587986,
      -0.2592960298061371,
      0.4070076048374176,
      0.092643603682518,
      -0.045060738921165466,
      -0.041902150958776474,
      0.25655093789100647,
      0.0035985209979116917,
      0.08972568064928055,
      -0.34291964769363403,
      -0.09633036702871323,
      0.10274768620729446,
      0.0053034271113574505,
      -0.22816205024719238,
      0.4722692370414734
    ],
    [
      0.5958042144775391,
      -0.04921123385429382,
      0.5700547695159912,
      0.3724749982357025,
      -0.4345393776893616,
      -0.03927471116185188,
      -0.06436473876237869,
      -0.3297078311443329,
      0.024798020720481873,
      0.4255810081958771,
      0.39788612723350525,
      -0.02291271835565567,
      -0.09177029132843018,
      0.0006809357437305152,
      -0.2992944121360779,
      0.2980135977268219
    ]
  ],
  "dense1_bias": [
    0.37192535400390625,
    -0.07241259515285492,
    0.053686343133449554,
    0.2910606563091278,
    0.4686967730522156,
    0.38973355293273926,
    0.41974177956581116,
    0.1693713217973709,
    0.14293532073497772,
    0.46042895317077637,
    0.3982551395893097,
    0.3899959623813629,
    0.15979577600955963,
    0.24916082620620728,
    0.5995643734931946,
    0.5020018219947815
  ],
  "dense2_kernel": [
    [
      0.07372366636991501,
      -0.04311032593250275,
      0.42475229501724243,
      -0.011474717408418655,
      0.37803927063941956,
      0.3861384391784668,
      0.06573420763015747,
      0.22674070298671722,
      0.3694372773170471,
      -0.21637822687625885,
      -0.2138199806213379,
      0.08253966271877289,
      -0.19451774656772614,
      0.31942883133888245,
      -0.16101332008838654,
      0.24425196647644043
    ],
    [
      -0.44465962052345276,
      -0.04085288569331169,
      -0.6334044337272644,
      -0.255384236574173,
      -0.8003391623497009,
      0.11572571098804474,
      0.33950772881507874,
      -0.8096751570701599,
      -0.6898044943809509,
      -0.6714510917663574,
      -0.31426098942756653,
      -1.0831298828125,
      -0.8921805620193481,
      -0.46346062421798706,
      0.20501196384429932,
      -0.38552388548851013
    ],
    [
      -0.11436106264591217,
      0.3026888370513916,
      0.13585229218006134,
      -0.0882972925901413,
      0.055600956082344055,
      0.6119410395622253,
      0.27766579389572144,
      0.40490907430648804,
      -0.1791524440050125,
      0.32311585545539856,
      -0.22208905220031738,
      -0.3270101845264435,
      -0.2302418053150177,
      0.0012367523740977049,
      0.09082401543855667,
      -0.02166077308356762
    ],
    [
      0.1726381927728653,
      0.41613954305648804,
      0.344465434551239,
      -0.037089135497808456,
      -0.1571476012468338,
      -0.164848193526268,
      0.2597978115081787,
      0.00913941115140915,
      -0.20183217525482178,
      0.13430003821849823,
      -0.14651761949062347,
      0.4459763467311859,
      0.20916777849197388,
      0.36919641494750977,
      0.23923051357269287,
      0.0882030725479126
    ],
    [
      0.12526412308216095,
      0.08341097831726074,
      0.644668459892273,
      0.34654369950294495,
      0.3334474563598633,
      -0.16152414679527283,
      0.09608553349971771,
      0.5450257062911987,
      0.6131041049957275,
      0.2866588830947876,
      0.5176961421966553,
      0.28118640184402466,
      0.2354755401611328,
      0.22964081168174744,
      -0.4038434624671936,
      0.25175175070762634
    ],
    [
      0.11164793372154236,
      -0.43858981132507324,
      0.6108447313308716,
      0.2614401578903198,
      0.3674781322479248,
      -0.1932448297739029,
      0.1403115689754486,
      0.3702983558177948,
      0.4339074492454529,
      0.6232295036315918,
      0.4254691004753113,
      0.6438753008842468,
      0.0073328264988958836,
      0.21960090100765228,
      -0.15092472732067108,
      0.12994225323200226
    ],
    [
      -0.22291551530361176,
      -0.14762040972709656,
      -0.0746646448969841,
      0.21259582042694092,
      0.6081631779670715,
      -0.8315567374229431,
      0.10580451041460037,
      0.5447871685028076,
      0.4275159239768982,
      0.3624451458454132,
      0.3472273349761963,
      0.6462253928184509,
      0.33547601103782654,
      0.3150337338447571,
      -0.28323906660079956,
      0.37191930413246155
    ],
    [
      -0.16488432884216309,
      0.4588348865509033,
      -0.21668322384357452,
      -0.11508513987064362,
      -0.03852212801575661,
      -0.005704570095986128,
      0.16375048458576202,
      0.06360341608524323,
      -0.26479682326316833,
      0.16953709721565247,
      0.06025710701942444,
      0.009359700605273247,
      -0.19316613674163818,
      0.12486962974071503,
      -0.25489237904548645,
      0.3354882001876831
    ],
    [
      0.18331193923950195,
      0.16577279567718506,
      -0.20145967602729797,
      0.17610445618629456,
      -0.12375450134277344,
      -0.2596571147441864,
      -0.38762879371643066,
      -0.12964126467704773,
      0.04597538337111473,
      0.08356025069952011,
      0.5116899609565735,
      0.026051558554172516,
      -0.12096257507801056,
      0.415783554315567,
      -0.23351740837097168,
      0.17022153735160828
    ],
    [
      -0.4448400139808655,
      -0.13731397688388824,
      -0.03283591940999031,
      0.6408028602600098,
      0.3554227352142334,
      0.03744255751371384,
      -0.2541927993297577,
      -0.02886582538485527,
      0.07382070273160934,
      0.43926990032196045,
      0.5914217233657837,
      0.30941131711006165,
      0.2919991612434387,
      -0.05225764587521553,
      -0.0836029052734375,
      0.2471441775560379
    ],
    [
      0.08976105600595474,
      0.4120917320251465,
      -0.1909226030111313,
      0.18858025968074799,
      0.4548293948173523,
      0.07694133371114731,
      0.3194546401500702,
      0.509021520614624,
      0.383571982383728,
      0.1461731344461441,
      0.017502781003713608,
      -0.12350866943597794,
      0.0798543319106102,
      0.21819689869880676,
      0.1424412876367569,
      0.28475460410118103
    ],
    [
      0.07738713920116425,
      -0.4278155267238617,
      0.5442081093788147,
      0.3047381043434143,
      0.03113519959151745,
      -0.2842234969139099,
      0.289119690656662,
      0.5860689878463745,
      0.0676291435956955,
      0.26939645409584045,
      0.5927539467811584,
      0.5590545535087585,
      0.365691602230072,
      0.5777713656425476,
      0.0008699524914845824,
      0.2608339786529541
    ],
    [
      0.23465768992900848,
      0.30107352137565613,
      -0.684205174446106,
      0.4212314486503601,
      -0.8172667026519775,
      0.32031747698783875,
      0.10140591859817505,
      -0.37725314497947693,
      -0.6782721877098083,
      -0.37627893686294556,
      -0.8698673844337463,
      -0.465200811624527,
      -0.602184534072876,
      0.48159125447273254,
      -0.15756185352802277,
      0.48286354541778564
    ],
    [
      0.25336983799934387,
      0.3746439814567566,
      0.46849581599235535,
      -0.28973665833473206,
      -0.05719270184636116,
      -1.0644645690917969,
      0.22654925286769867,
      -0.29097408056259155,
      -0.08134519308805466,
      0.38711896538734436,
      -0.32336559891700745,
      0.04203972965478897,
      -0.04108128696680069,
      0.2026326060295105,
      -0.42278364300727844,
